{
    "rmse": 0.6867684461393868,
    "mae": 0.5331141803893125,
    "r2": 0.27765462398145657
}